"(PDH-TSV 4.0) (Central Europe Standard Time)(-60)"	"MyApp.Server.exe"	"MyApp.Client.exe"	"Available Bytes"	"% Processor Time"	"python.exe"
"10/31/2023 09:32:56.611"	"172937216"	"2107625472"	"21652008960"	"19.970093989607985"	"28160000"
"10/31/2023 09:32:57.607"	"172937216"	"2107625472"	"21648744448"	"19.798364104681575"	"28160000"
"10/31/2023 09:32:58.612"	"172937216"	"2107625472"	"21635936256"	"29.060895972223534"	"28160000"
"10/31/2023 09:32:59.616"	"172900352"	"2107723776"	"21569982464"	"26.372698348226375"	"28160000"
"10/31/2023 09:33:00.604"	"172937216"	"2107691008"	"21594775552"	"25.178693497188519"	"28160000"
"10/31/2023 09:33:01.604"	"172900352"	"2107691008"	"21639020544"	"26.136987112712042"	"28160000"
"10/31/2023 09:33:02.613"	"172937216"	"2107691008"	"21640171520"	"21.917442426830348"	"28160000"
"10/31/2023 09:33:03.608"	"172900352"	"2107691008"	"21640712192"	"20.861742107451597"	"28160000"
"10/31/2023 09:33:04.614"	"172937216"	"2107826176"	"21642915840"	"22.189997709107566"	"28160000"
"10/31/2023 09:33:05.617"	"233684992"	"2107826176"	"21604401152"	"21.616087681403819"	"28160000"
"10/31/2023 09:33:06.607"	"221491200"	"2107891712"	"21602050048"	"20.951227275495977"	"28160000"
"10/31/2023 09:33:07.615"	"221454336"	"2110550016"	"21608726528"	"24.919809702867155"	"28160000"
"10/31/2023 09:33:08.619"	"221519872"	"2110550016"	"21718933504"	"31.80289012540818"	"28160000"
"10/31/2023 09:33:09.620"	"221478912"	"2110582784"	"21723774976"	"22.449851433491432"	"28160000"
"10/31/2023 09:33:10.617"	"221519872"	"2110582784"	"21722222592"	"22.546314849189908"	"28160000"
"10/31/2023 09:33:11.605"	"221478912"	"2110582784"	"21737472000"	"22.363053934562938"	"28160000"
"10/31/2023 09:33:12.616"	"221519872"	"2110582784"	"21735632896"	"23.292557671563653"	"28160000"
"10/31/2023 09:33:13.609"	"221519872"	"2110582784"	"21735108608"	"20.473595142279009"	"28160000"
"10/31/2023 09:33:14.617"	"221519872"	"2110582784"	"21729542144"	"17.617217049334322"	"28160000"
"10/31/2023 09:33:15.611"	"221478912"	"2110582784"	"21728051200"	"22.29469420172504"	"28160000"
"10/31/2023 09:33:16.618"	"221519872"	"2110713856"	"21738897408"	"22.851929903122247"	"28160000"
"10/31/2023 09:33:17.611"	"221540352"	"2110844928"	"21735624704"	"26.064768018299191"	"28160000"
"10/31/2023 09:33:18.614"	"221581312"	"2110844928"	"21742088192"	"30.783498115673801"	"28160000"
"10/31/2023 09:33:19.619"	"221540352"	"2110742528"	"21740900352"	"20.945566787278125"	"28160000"
"10/31/2023 09:33:20.607"	"221581312"	"2110742528"	"21746511872"	"20.818749438432349"	"28160000"
"10/31/2023 09:33:21.620"	"221540352"	"2110742528"	"21739053056"	"23.104222214738723"	"28160000"
"10/31/2023 09:33:22.617"	"221581312"	"2110742528"	"21745418240"	"23.592486870259187"	"28160000"
"10/31/2023 09:33:23.604"	"221540352"	"2110808064"	"21743738880"	"23.134944434144444"	"28160000"
"10/31/2023 09:33:24.612"	"221581312"	"2110873600"	"21743755264"	"25.868446997724661"	"28160000"
"10/31/2023 09:33:25.609"	"221581312"	"2110873600"	"21749260288"	"25.749702982066079"	"28160000"
"10/31/2023 09:33:26.605"	"221532160"	"2110873600"	"21748830208"	"26.298945027418043"	"28160000"
"10/31/2023 09:33:27.617"	"221532160"	"2111008768"	"21753163776"	"23.8642155193326"	"28160000"
"10/31/2023 09:33:28.614"	"221532160"	"1996963840"	"21845209088"	"49.283724689837229"	"28160000"
"10/31/2023 09:33:29.610"	"221491200"	"1997836288"	"21864275968"	"29.07106774416355"	"28160000"
"10/31/2023 09:33:30.615"	"221532160"	"1998794752"	"21859061760"	"33.791204089203354"	"28160000"
"10/31/2023 09:33:31.615"	"221491200"	"1998893056"	"21859504128"	"25.215606669955971"	"28160000"
"10/31/2023 09:33:32.615"	"221532160"	"1998893056"	"21860069376"	"23.357958053930549"	"28160000"
"10/31/2023 09:33:33.608"	"221491200"	"1998893056"	"21865373696"	"19.96113493095827"	"28160000"
"10/31/2023 09:33:34.619"	"221532160"	"1984028672"	"21881090048"	"21.073894535599692"	"28160000"
"10/31/2023 09:33:35.608"	"221491200"	"1989943296"	"21802147840"	"27.861193414651829"	"28160000"
"10/31/2023 09:33:36.604"	"221532160"	"1990123520"	"21754937344"	"28.112287012044867"	"28160000"
"10/31/2023 09:33:37.617"	"221769728"	"1990123520"	"21765570560"	"20.638503195607917"	"28160000"
"10/31/2023 09:33:38.613"	"599973888"	"1990770688"	"21597167616"	"28.80936186434727"	"28160000"
"10/31/2023 09:33:39.610"	"601997312"	"1991073792"	"21354995712"	"34.255202257625072"	"28160000"
"10/31/2023 09:33:40.606"	"602746880"	"1998127104"	"21337137152"	"38.318434414144789"	"28160000"
"10/31/2023 09:33:41.611"	"603406336"	"1998127104"	"21335883776"	"36.352684490462408"	"28160000"
"10/31/2023 09:33:42.619"	"603840512"	"1998127104"	"21330337792"	"34.825326883319519"	"28160000"
"10/31/2023 09:33:43.611"	"604389376"	"1998127104"	"21330120704"	"37.127747532732094"	"28160000"
"10/31/2023 09:33:44.620"	"604717056"	"1998127104"	"21323276288"	"36.106016251780673"	"28160000"
"10/31/2023 09:33:45.609"	"604819456"	"1998127104"	"21325238272"	"32.974263734725653"	"28160000"
"10/31/2023 09:33:46.612"	"607444992"	"1998127104"	"21338456064"	"29.927358651336476"	"28160000"
"10/31/2023 09:33:47.609"	"164421632"	"1997975552"	"21761085440"	"25.917775377768205"	"28160000"
"10/31/2023 09:33:48.606"	"164458496"	"1997975552"	"21763420160"	"29.188501900603512"	"28160000"
"10/31/2023 09:33:49.610"	"164421632"	"1997975552"	"21758767104"	"22.311419539883548"	"28160000"
"10/31/2023 09:33:50.614"	"164458496"	"1997975552"	"21762424832"	"26.475528713964202"	"28160000"
"10/31/2023 09:33:51.607"	"164421632"	"1997975552"	"21761601536"	"19.488945428801753"	"28160000"
"10/31/2023 09:33:52.610"	"164458496"	"1997975552"	"21771558912"	"19.175172126840312"	"28160000"
"10/31/2023 09:33:53.615"	"164458496"	"1997975552"	"21770244096"	"22.266651702064323"	"28160000"
"10/31/2023 09:33:54.611"	"164458496"	"1998008320"	"21594570752"	"21.240313971994919"	"28160000"
"10/31/2023 09:33:55.607"	"159518720"	"1998008320"	"21517889536"	"19.922173195189941"	"28160000"
"10/31/2023 09:33:56.620"	"159686656"	"1997975552"	"21425733632"	"24.262628483102688"	"28160000"
"10/31/2023 09:33:57.609"	"159686656"	"1997975552"	"21409947648"	"21.682339507041458"	"28160000"
"10/31/2023 09:33:58.617"	"159690752"	"1997975552"	"21373566976"	"30.740107454960807"	"28160000"
"10/31/2023 09:33:59.613"	"159649792"	"1997975552"	"21362020352"	"22.448981231625666"	"28160000"
"10/31/2023 09:34:00.617"	"159690752"	"1997975552"	"21333848064"	"22.636346626963586"	"28160000"
"10/31/2023 09:34:01.610"	"159649792"	"1997975552"	"21682958336"	"22.711085585313672"	"28160000"
"10/31/2023 09:34:02.611"	"159690752"	"1997975552"	"21677879296"	"18.833739231235135"	"28160000"
"10/31/2023 09:34:03.610"	"159649792"	"1997975552"	"21694078976"	"26.400973614272871"	"28160000"
"10/31/2023 09:34:04.613"	"159690752"	"1997975552"	"21700481024"	"21.792720541151368"	"28160000"
"10/31/2023 09:34:05.610"	"159649792"	"1997975552"	"21703172096"	"21.316658589449268"	"28160000"
"10/31/2023 09:34:06.606"	"384958464"	"1998041088"	"21424484352"	"30.540306899743975"	"28160000"
"10/31/2023 09:34:07.605"	"485883904"	"1998041088"	"21282344960"	"27.125646241932401"	"28160000"
"10/31/2023 09:34:08.612"	"485883904"	"1998041088"	"21318680576"	"28.381354337775775"	"28160000"
"10/31/2023 09:34:09.605"	"485801984"	"1998045184"	"21426049024"	"19.352027556307362"	"28160000"
"10/31/2023 09:34:10.621"	"485842944"	"1998045184"	"21455798272"	"19.77354030623102"	"28160000"
"10/31/2023 09:34:11.612"	"485801984"	"1998045184"	"21468270592"	"22.753988668735303"	"28160000"
"10/31/2023 09:34:12.614"	"485842944"	"1998045184"	"21491884032"	"19.286326252481643"	"28160000"
"10/31/2023 09:34:13.606"	"485842944"	"1998045184"	"21488959488"	"23.121756000344583"	"28160000"
"10/31/2023 09:34:14.606"	"485842944"	"1998045184"	"21499551744"	"20.407878446820483"	"28160000"
"10/31/2023 09:34:15.606"	"485801984"	"1998045184"	"21518987264"	"18.765085323655395"	"28160000"
"10/31/2023 09:34:16.606"	"485842944"	"1998045184"	"21499912192"	"18.243894274641136"	"28160000"
"10/31/2023 09:34:17.617"	"485801984"	"1998045184"	"21505105920"	"20.619049706810877"	"28160000"
"10/31/2023 09:34:18.608"	"485842944"	"1998045184"	"21520347136"	"28.704583325980582"	"28160000"
"10/31/2023 09:34:19.609"	"485842944"	"1998045184"	"21538258944"	"20.861885118037925"	"28160000"
"10/31/2023 09:34:20.608"	"485842944"	"1998045184"	"21536821248"	"18.869076950449902"	"28160000"
"10/31/2023 09:34:21.609"	"485801984"	"1998045184"	"21540429824"	"22.804485152716836"	"28160000"
"10/31/2023 09:34:22.616"	"485842944"	"1998045184"	"21552828416"	"19.488778223166726"	"28160000"
"10/31/2023 09:34:23.609"	"485801984"	"1998045184"	"21554655232"	"18.788886871459688"	"28160000"
"10/31/2023 09:34:24.617"	"485842944"	"1998045184"	"21562212352"	"21.357350338270955"	"28160000"
"10/31/2023 09:34:25.610"	"485801984"	"1998045184"	"21565710336"	"19.781235186268098"	"28160000"
"10/31/2023 09:34:26.618"	"485842944"	"1998045184"	"21564305408"	"20.491445432356226"	"28160000"
"10/31/2023 09:34:27.619"	"485793792"	"1998045184"	"21561405440"	"29.015884965670523"	"28160000"
"10/31/2023 09:34:28.619"	"485793792"	"1998045184"	"21555281920"	"33.974033731085662"	"28160000"
"10/31/2023 09:34:29.619"	"485752832"	"1997967360"	"21565001728"	"31.524433795958583"	"28160000"
"10/31/2023 09:34:30.620"	"485793792"	"1997967360"	"21564252160"	"28.707750189735236"	"28160000"
"10/31/2023 09:34:31.605"	"485752832"	"1997967360"	"21564542976"	"30.563189847913108"	"28160000"
"10/31/2023 09:34:32.620"	"485793792"	"1997967360"	"21553119232"	"27.561611717168176"	"28160000"
"10/31/2023 09:34:33.612"	"485752832"	"1997967360"	"21555118080"	"31.501441045913726"	"28160000"
"10/31/2023 09:34:34.620"	"485793792"	"1997967360"	"21544587264"	"31.515509794087283"	"28160000"
"10/31/2023 09:34:35.614"	"485752832"	"1997967360"	"21549817856"	"23.760006334112994"	"28160000"
"10/31/2023 09:34:36.615"	"485793792"	"1997967360"	"21546741760"	"19.082564077611998"	"28160000"
"10/31/2023 09:34:37.615"	"485752832"	"1997967360"	"21549514752"	"19.894491926789769"	"28160000"
"10/31/2023 09:34:38.606"	"485793792"	"1997967360"	"21554745344"	"30.425483737043201"	"28160000"
"10/31/2023 09:34:39.607"	"485683200"	"1997967360"	"21549645824"	"21.819577392266552"	"28160000"
"10/31/2023 09:34:40.616"	"485683200"	"1998098432"	"21558517760"	"21.983559829432043"	"28160000"
"10/31/2023 09:34:41.615"	"485642240"	"2000056320"	"21551972352"	"26.159171993500085"	"28160000"
"10/31/2023 09:34:42.607"	"485683200"	"2000056320"	"21557985280"	"20.1935858226717"	"28160000"
"10/31/2023 09:34:43.609"	"485683200"	"1998225408"	"21555236864"	"22.303322520034207"	"28160000"
"10/31/2023 09:34:44.608"	"485683200"	"1998225408"	"21550542848"	"25.039730450680931"	"28160000"
"10/31/2023 09:34:45.617"	"485642240"	"1998295040"	"21579476992"	"25.774781794893144"	"28160000"
"10/31/2023 09:34:46.610"	"485683200"	"1998757888"	"21608280064"	"38.496599913789289"	"28160000"
"10/31/2023 09:34:47.609"	"485642240"	"1999155200"	"21613944832"	"26.648809312373455"	"28160000"
"10/31/2023 09:34:48.618"	"485683200"	"1999548416"	"21610016768"	"32.471406757107445"	"28160000"
"10/31/2023 09:34:49.612"	"485642240"	"2001321984"	"21605179392"	"32.798847868778566"	"28160000"
"10/31/2023 09:34:50.610"	"485683200"	"2001551360"	"21608632320"	"22.016167122764131"	"28160000"
"10/31/2023 09:34:51.619"	"485642240"	"2001551360"	"21613649920"	"21.154892090722921"	"28160000"
"10/31/2023 09:34:52.620"	"485683200"	"2001551360"	"21607223296"	"17.524753939230209"	"28160000"
"10/31/2023 09:34:53.605"	"485642240"	"2001682432"	"21532708864"	"28.078293195265314"	"28160000"
"10/31/2023 09:34:54.619"	"485683200"	"2001649664"	"21480759296"	"30.284982768236123"	"28160000"
"10/31/2023 09:34:55.605"	"485642240"	"2001715200"	"21488021504"	"19.140793496317077"	"28160000"
"10/31/2023 09:34:56.606"	"485683200"	"2001715200"	"21485289472"	"19.905148385767045"	"28160000"
"10/31/2023 09:34:57.605"	"485683200"	"2001715200"	"21488377856"	"19.422906039460663"	"28160000"
"10/31/2023 09:34:58.613"	"485683200"	"2001715200"	"21486321664"	"30.357736999981043"	"28160000"
"10/31/2023 09:34:59.606"	"485642240"	"2001715200"	"21487247360"	"22.162315404864653"	"28160000"
"10/31/2023 09:35:00.614"	"485683200"	"2001936384"	"21484744704"	"19.60468413533998"	"28160000"
"10/31/2023 09:35:01.607"	"485892096"	"2002006016"	"21484482560"	"24.788581163931923"	"28160000"
"10/31/2023 09:35:02.607"	"866099200"	"2002444288"	"21065404416"	"33.067652424245786"	"28160000"
"10/31/2023 09:35:03.616"	"867495936"	"2002608128"	"21057810432"	"39.859102188527963"	"28160000"
"10/31/2023 09:35:04.615"	"868155392"	"2002608128"	"21071020032"	"36.149425488658636"	"28160000"
"10/31/2023 09:35:05.608"	"868794368"	"2002608128"	"21073657856"	"37.535883585806772"	"28160000"
"10/31/2023 09:35:06.608"	"870281216"	"2002608128"	"21064867840"	"34.562559372965531"	"28160000"
"10/31/2023 09:35:07.608"	"871137280"	"2002608128"	"21066203136"	"33.434151177744972"	"28160000"
"10/31/2023 09:35:08.617"	"871702528"	"2002608128"	"21059538944"	"43.210275975787994"	"28160000"
"10/31/2023 09:35:09.618"	"872198144"	"2002608128"	"21072568320"	"32.076154454290275"	"28160000"
"10/31/2023 09:35:10.609"	"486895616"	"2002456576"	"21445406720"	"25.658865637266757"	"28160000"
"10/31/2023 09:35:11.611"	"486903808"	"2002423808"	"21431336960"	"23.30316958919536"	"28160000"
"10/31/2023 09:35:12.618"	"486944768"	"2002423808"	"21444554752"	"20.668692586868566"	"28160000"
"10/31/2023 09:35:13.611"	"486944768"	"2002423808"	"21437952000"	"19.964359003684518"	"28160000"
"10/31/2023 09:35:14.619"	"486944768"	"2002423808"	"21447462912"	"19.780898756574405"	"28160000"
"10/31/2023 09:35:15.613"	"486903808"	"2002423808"	"21442760704"	"23.500157141149771"	"28160000"
"10/31/2023 09:35:16.611"	"486944768"	"2002423808"	"21443555328"	"19.904177043746685"	"28160000"
"10/31/2023 09:35:17.613"	"486903808"	"2002456576"	"21448945664"	"22.408287881073075"	"28160000"
"10/31/2023 09:35:18.605"	"486944768"	"2002423808"	"21414977536"	"27.037550916663722"	"28160000"
"10/31/2023 09:35:19.604"	"486903808"	"2002391040"	"21312630784"	"23.76929276322538"	"28160000"
"10/31/2023 09:35:20.613"	"486944768"	"2002456576"	"21223120896"	"23.991307426210049"	"28160000"
"10/31/2023 09:35:21.614"	"486903808"	"2002456576"	"21109141504"	"19.594328249488278"	"28160000"
"10/31/2023 09:35:22.608"	"486944768"	"2002489344"	"21037723648"	"22.488816015524094"	"28160000"
"10/31/2023 09:35:23.606"	"486903808"	"2002489344"	"20981837824"	"30.978060349120884"	"28160000"
"10/31/2023 09:35:24.607"	"486944768"	"2002489344"	"20857323520"	"25.679371023765739"	"28160000"
"10/31/2023 09:35:25.615"	"486973440"	"2002489344"	"20817760256"	"25.065130703947414"	"28160000"
"10/31/2023 09:35:26.607"	"487014400"	"2002489344"	"20887965696"	"26.549802455073156"	"28160000"
"10/31/2023 09:35:27.608"	"487014400"	"2002489344"	"20957696000"	"20.769699298649279"	"28160000"
"10/31/2023 09:35:28.616"	"487014400"	"2002489344"	"20962701312"	"28.022957692496252"	"28160000"
"10/31/2023 09:35:29.617"	"487014400"	"2002489344"	"21026750464"	"20.812359350276299"	"28160000"
"10/31/2023 09:35:30.610"	"486973440"	"2002554880"	"21078327296"	"20.265020963418866"	"28160000"
"10/31/2023 09:35:31.610"	"487014400"	"2002620416"	"21121597440"	"20.141018878556437"	"28160000"
"10/31/2023 09:35:32.612"	"431407104"	"2002759680"	"21043826688"	"32.34341561803685"	"28160000"
"10/31/2023 09:35:33.617"	"613236736"	"2002759680"	"20774727680"	"31.600479144861726"	"28160000"
"10/31/2023 09:35:34.611"	"942858240"	"2002829312"	"20396097536"	"32.912827603418229"	"28160000"
"10/31/2023 09:35:35.612"	"1113067520"	"2002829312"	"20063825920"	"36.151925610120252"	"28160000"
"10/31/2023 09:35:36.614"	"1399386112"	"2002829312"	"19728965632"	"33.960720980625659"	"28160000"
"10/31/2023 09:35:37.613"	"1600524288"	"2002829312"	"19526799360"	"27.245968581773905"	"28160000"
"10/31/2023 09:35:38.613"	"1600520192"	"2002829312"	"19599130624"	"30.213225074244797"	"28160000"
"10/31/2023 09:35:39.608"	"1600483328"	"2002829312"	"19635933184"	"22.782537374716117"	"28160000"
"10/31/2023 09:35:40.613"	"1600483328"	"2002960384"	"19827486720"	"22.458972339764927"	"28160000"
"10/31/2023 09:35:41.615"	"1600442368"	"2002960384"	"19913936896"	"20.971243083694645"	"28160000"
"10/31/2023 09:35:42.608"	"1600483328"	"2002960384"	"19956846592"	"15.93447518334038"	"28160000"
"10/31/2023 09:35:43.609"	"1600483328"	"2002960384"	"19992715264"	"24.138684329658101"	"28160000"
"10/31/2023 09:35:44.614"	"1600483328"	"2002960384"	"20049084416"	"22.056715487071131"	"28160000"
"10/31/2023 09:35:45.606"	"1600442368"	"2002960384"	"20106297344"	"19.006193909970449"	"28160000"
"10/31/2023 09:35:46.607"	"1600483328"	"2002960384"	"20122943488"	"23.878385489899568"	"28160000"
"10/31/2023 09:35:47.613"	"1600442368"	"2002960384"	"20150153216"	"20.632628403177534"	"28160000"
"10/31/2023 09:35:48.609"	"1600483328"	"2002960384"	"20189106176"	"27.883358770231414"	"28160000"
"10/31/2023 09:35:49.607"	"1600442368"	"2002960384"	"20227297280"	"20.386066097129962"	"28160000"
"10/31/2023 09:35:50.608"	"1600483328"	"2002960384"	"20253519872"	"19.360331967549214"	"28160000"
"10/31/2023 09:35:51.616"	"1600442368"	"2002960384"	"20263137280"	"20.015235011867372"	"28160000"
"10/31/2023 09:35:52.617"	"1600483328"	"2002960384"	"20285333504"	"18.244835739589849"	"28160000"
"10/31/2023 09:35:53.617"	"1600442368"	"2002960384"	"20316311552"	"19.764237392764585"	"28160000"
"10/31/2023 09:35:54.610"	"1600483328"	"2002960384"	"20314046464"	"19.343977665576084"	"28160000"
"10/31/2023 09:35:55.610"	"1600442368"	"2002927616"	"20339298304"	"21.457463472732108"	"28160000"
"10/31/2023 09:35:56.618"	"1600434176"	"2002927616"	"20368834560"	"22.54751220626423"	"28160000"
"10/31/2023 09:35:57.611"	"1600434176"	"2002927616"	"20380635136"	"18.803899518226896"	"28160000"
"10/31/2023 09:35:58.619"	"1600434176"	"2002927616"	"20390248448"	"28.026164855380063"	"28160000"
"10/31/2023 09:35:59.619"	"1600393216"	"2002927616"	"20403130368"	"20.234974799145167"	"28160000"
"10/31/2023 09:36:00.619"	"1600434176"	"2002927616"	"20420726784"	"19.284285309638882"	"28160000"
"10/31/2023 09:36:01.612"	"1600393216"	"2002927616"	"20425367552"	"17.98343991360165"	"28160000"
"10/31/2023 09:36:02.620"	"1600434176"	"2002927616"	"20438220800"	"19.320245492681632"	"28160000"
"10/31/2023 09:36:03.605"	"1600393216"	"2002927616"	"20444131328"	"20.908117532182125"	"28160000"
"10/31/2023 09:36:04.605"	"1600434176"	"2002698240"	"20445790208"	"22.657441075407437"	"28160000"
"10/31/2023 09:36:05.605"	"1600393216"	"2002698240"	"20459327488"	"20.466466666406745"	"28160000"
"10/31/2023 09:36:06.605"	"1600434176"	"2002698240"	"20453109760"	"20.415539865310016"	"28160000"
"10/31/2023 09:36:07.613"	"1600393216"	"2002698240"	"20469698560"	"23.409751442758832"	"28160000"
"10/31/2023 09:36:08.606"	"1600434176"	"2002698240"	"20470034432"	"27.198404655070629"	"28160000"
"10/31/2023 09:36:09.615"	"1600434176"	"2002698240"	"20474580992"	"20.547564580097866"	"28160000"
"10/31/2023 09:36:10.607"	"1600323584"	"2002698240"	"20471406592"	"18.645818364164533"	"28160000"
"10/31/2023 09:36:11.607"	"1600323584"	"2002698240"	"20482564096"	"19.373497986912326"	"28160000"
"10/31/2023 09:36:12.615"	"1600323584"	"2002698240"	"20480606208"	"19.498349969920969"	"28160000"
"10/31/2023 09:36:13.616"	"1600323584"	"2002698240"	"20486021120"	"20.704843352115088"	"28160000"
"10/31/2023 09:36:14.618"	"1600323584"	"2002698240"	"20487225344"	"20.054898648648646"	"28160000"
"10/31/2023 09:36:15.617"	"1600323584"	"2002698240"	"20483477504"	"20.38733939454891"	"28160000"
"10/31/2023 09:36:16.609"	"1600323584"	"2002698240"	"20491223040"	"17.80217783299959"	"28160000"
"10/31/2023 09:36:17.618"	"1600323584"	"2002698240"	"20487331840"	"22.919211133039617"	"28160000"
"10/31/2023 09:36:18.610"	"1600323584"	"2002698240"	"20493271040"	"27.435696554815546"	"28160000"
"10/31/2023 09:36:19.610"	"1600323584"	"2002698240"	"20489875456"	"22.57727062003072"	"28160000"
"10/31/2023 09:36:20.618"	"1600323584"	"2002698240"	"20496498688"	"21.048896572119268"	"28160000"
"10/31/2023 09:36:21.611"	"1600323584"	"2002698240"	"20491886592"	"21.033419658661856"	"28160000"
"10/31/2023 09:36:22.618"	"1600323584"	"2002698240"	"20485984256"	"20.532111859817281"	"28160000"
"10/31/2023 09:36:23.612"	"1600323584"	"2002698240"	"20493971456"	"23.86483169176158"	"28160000"
"10/31/2023 09:36:24.613"	"1600323584"	"2002698240"	"20491886592"	"20.75548477566025"	"28160000"
"10/31/2023 09:36:25.612"	"1600323584"	"2002698240"	"20495368192"	"19.633958740681056"	"28160000"
"10/31/2023 09:36:26.619"	"1600323584"	"2002698240"	"20492922880"	"20.196090332038573"	"28160000"
"10/31/2023 09:36:27.614"	"1600323584"	"2002698240"	"20494319616"	"24.465278908136746"	"28160000"
"10/31/2023 09:36:28.613"	"1600323584"	"2002698240"	"20497903616"	"37.218124876895409"	"28160000"
"10/31/2023 09:36:29.614"	"1600323584"	"2002698240"	"20502622208"	"23.878375496497217"	"28160000"
"10/31/2023 09:36:30.606"	"1600323584"	"2002698240"	"20500791296"	"20.296943486852292"	"28160000"
"10/31/2023 09:36:31.606"	"1600323584"	"2002698240"	"20511453184"	"19.454192178581351"	"28160000"
"10/31/2023 09:36:32.607"	"1600323584"	"2002698240"	"20515934208"	"18.283192981120177"	"28160000"
"10/31/2023 09:36:33.615"	"1600323584"	"2002698240"	"20514553856"	"19.369196194742099"	"28160000"
"10/31/2023 09:36:34.615"	"1600323584"	"2002698240"	"20520165376"	"22.447092471876083"	"28160000"
"10/31/2023 09:36:35.616"	"1600323584"	"2002698240"	"20513554432"	"20.104772912741343"	"28160000"
"10/31/2023 09:36:36.617"	"1600323584"	"2002698240"	"20518805504"	"17.89278823481326"	"28160000"
"10/31/2023 09:36:37.608"	"1600323584"	"2002698240"	"20515020800"	"21.084758704855677"	"28160000"
"10/31/2023 09:36:38.617"	"1600323584"	"2002698240"	"20507336704"	"31.552560192417367"	"28160000"
"10/31/2023 09:36:39.609"	"1600323584"	"2002698240"	"20512411648"	"18.934445386938648"	"28160000"
"10/31/2023 09:36:40.617"	"1600323584"	"2002153472"	"20509646848"	"20.157502612508527"	"28160000"
"10/31/2023 09:36:41.611"	"1600323584"	"2002153472"	"20518223872"	"19.802524251716669"	"28160000"
"10/31/2023 09:36:42.610"	"1600323584"	"2002153472"	"20512481280"	"19.243156554066733"	"28160000"
"10/31/2023 09:36:43.619"	"1600323584"	"2002153472"	"20517777408"	"19.062129250357916"	"28160000"
"10/31/2023 09:36:44.620"	"1600323584"	"2002153472"	"20509024256"	"22.056644820083228"	"28160000"
"10/31/2023 09:36:45.604"	"1600323584"	"2002153472"	"20516691968"	"22.487886141770563"	"28160000"
"10/31/2023 09:36:46.620"	"1600323584"	"2002153472"	"20512387072"	"21.4161197864568"	"28160000"
"10/31/2023 09:36:47.612"	"1600323584"	"2002153472"	"20505026560"	"20.239047092073626"	"28160000"
"10/31/2023 09:36:48.620"	"1600323584"	"2002153472"	"20512169984"	"30.094145987063147"	"28160000"
"10/31/2023 09:36:49.613"	"1600323584"	"2002153472"	"20507889664"	"22.526326641335803"	"28160000"
"10/31/2023 09:36:50.613"	"1600323584"	"2002153472"	"20510408704"	"19.373401201932015"	"28160000"
"10/31/2023 09:36:51.606"	"1600323584"	"2002153472"	"20507881472"	"18.934592386885964"	"28160000"
"10/31/2023 09:36:52.605"	"1600323584"	"2002153472"	"20513427456"	"20.285245525445148"	"28160000"
"10/31/2023 09:36:53.606"	"1600323584"	"2002153472"	"20505874432"	"18.803622087973103"	"28160000"
"10/31/2023 09:36:54.615"	"1600323584"	"2002153472"	"20512206848"	"22.547412384641497"	"28160000"
"10/31/2023 09:36:55.607"	"1600323584"	"2002153472"	"20509077504"	"18.505313724735295"	"28160000"
"10/31/2023 09:36:56.615"	"1600323584"	"2002153472"	"20501393408"	"18.927872027716329"	"28160000"
"10/31/2023 09:36:57.607"	"1600323584"	"2002153472"	"20508291072"	"20.002737971487971"	"28160000"
"10/31/2023 09:36:58.616"	"1600323584"	"2002153472"	"20504989696"	"30.361923875839658"	"28160000"
"10/31/2023 09:36:59.617"	"1600323584"	"2002153472"	"20508622848"	"19.823409929667857"	"28160000"
"10/31/2023 09:37:00.610"	"1600323584"	"2002153472"	"20503080960"	"16.198048011480438"	"28160000"
"10/31/2023 09:37:01.609"	"1600323584"	"2002059264"	"20507951104"	"20.126218605461034"	"28160000"
"10/31/2023 09:37:02.618"	"1600323584"	"2002059264"	"20504432640"	"19.449205065271926"	"28160000"
"10/31/2023 09:37:03.610"	"1600323584"	"2002059264"	"20497903616"	"19.28977364926633"	"28160000"
"10/31/2023 09:37:04.618"	"1600323584"	"2002059264"	"20504592384"	"23.450964522080277"	"28160000"
"10/31/2023 09:37:05.610"	"1600323584"	"2002059264"	"20500992000"	"22.501285711662845"	"28160000"
"10/31/2023 09:37:06.618"	"1600323584"	"2002059264"	"20504354816"	"20.196776958873773"	"28160000"
"10/31/2023 09:37:07.612"	"1600323584"	"2002059264"	"20503031808"	"21.2439566938029"	"28160000"
"10/31/2023 09:37:08.612"	"1600323584"	"2002059264"	"20508221440"	"29.603828908708451"	"28160000"
"10/31/2023 09:37:09.605"	"1600323584"	"2002059264"	"20502372352"	"22.607447596544851"	"28160000"
"10/31/2023 09:37:10.620"	"1600323584"	"2002059264"	"20514885632"	"19.670236696158216"	"28160000"
"10/31/2023 09:37:11.613"	"1600323584"	"2002059264"	"20511440896"	"20.719817318327237"	"28160000"
"10/31/2023 09:37:12.614"	"1600323584"	"2002059264"	"20504629248"	"18.132409284325501"	"28160000"
"10/31/2023 09:37:13.613"	"1600323584"	"2002059264"	"20510175232"	"19.503704167566138"	"28160000"
"10/31/2023 09:37:14.606"	"1600323584"	"2002059264"	"20506959872"	"20.377488504134689"	"28160000"
"10/31/2023 09:37:15.606"	"1600323584"	"2002059264"	"20509630464"	"25.104525831455028"	"28160000"
"10/31/2023 09:37:16.614"	"1600323584"	"2002059264"	"20504739840"	"19.320477449494376"	"28160000"
"10/31/2023 09:37:17.615"	"1600323584"	"2002059264"	"20511105024"	"20.625130726495033"	"28160000"
"10/31/2023 09:37:18.607"	"1600323584"	"2002059264"	"20504797184"	"26.593697178979305"	"28160000"
"10/31/2023 09:37:19.615"	"1600323584"	"2002059264"	"20498436096"	"23.967399828171775"	"28160000"
"10/31/2023 09:37:20.616"	"1600323584"	"2002059264"	"20504576000"	"19.081416057409626"	"28160000"
"10/31/2023 09:37:21.609"	"1600323584"	"2002059264"	"20500918272"	"20.885196121344617"	"28160000"
"10/31/2023 09:37:22.609"	"1600323584"	"2002059264"	"20506472448"	"22.447069221365446"	"28160000"
"10/31/2023 09:37:23.609"	"1600323584"	"2002059264"	"20501127168"	"19.762985267233034"	"28160000"
"10/31/2023 09:37:24.617"	"1600323584"	"2002059264"	"20504924160"	"24.667074269730747"	"28160000"
"10/31/2023 09:37:25.618"	"1600323584"	"2002059264"	"20499202048"	"22.650526243064416"	"28160000"
"10/31/2023 09:37:26.611"	"1600323584"	"2002059264"	"20494839808"	"21.558134938264661"	"28160000"
"10/31/2023 09:37:27.610"	"1600323584"	"2002059264"	"20503302144"	"21.023547831667567"	"28160000"
"10/31/2023 09:37:28.618"	"1600323584"	"2002059264"	"20495241216"	"26.522681077457179"	"28160000"
"10/31/2023 09:37:29.611"	"1600323584"	"2002391040"	"20499136512"	"29.302434936548039"	"28160000"
"10/31/2023 09:37:30.611"	"1600323584"	"2002358272"	"20495015936"	"22.159200364288711"	"28160000"
"10/31/2023 09:37:31.604"	"1600323584"	"2002358272"	"20501291008"	"19.096339843440411"	"28160000"
"10/31/2023 09:37:32.620"	"1600323584"	"2002358272"	"20494684160"	"21.539635788343158"	"28160000"
"10/31/2023 09:37:33.612"	"1600323584"	"2002362368"	"20501176320"	"22.843689603929761"	"28160000"
"10/31/2023 09:37:34.607"	"1600323584"	"2002440192"	"20498423808"	"21.320146965185806"	"28160000"
"10/31/2023 09:37:35.606"	"1600323584"	"2002509824"	"20491456512"	"27.523627006692543"	"28160000"
"10/31/2023 09:37:36.605"	"1600323584"	"2002509824"	"20496953344"	"18.981924044494047"	"28160000"
"10/31/2023 09:37:37.614"	"1600323584"	"2003443712"	"20494323712"	"22.771657972955605"	"28160000"
"10/31/2023 09:37:38.606"	"1600323584"	"2004074496"	"20495589376"	"41.236929791256436"	"28160000"
"10/31/2023 09:37:39.615"	"1600323584"	"2004750336"	"20489986048"	"35.854036315869919"	"28160000"
"10/31/2023 09:37:40.616"	"1600323584"	"2005274624"	"20494790656"	"25.994624641365572"	"28160000"
"10/31/2023 09:37:41.616"	"1600323584"	"2005340160"	"20491034624"	"22.524128598389236"	"28160000"
"10/31/2023 09:37:42.616"	"1600323584"	"2005671936"	"20486029312"	"24.454343251758203"	"28160000"
"10/31/2023 09:37:43.619"	"1600323584"	"2005803008"	"20491276288"	"28.881271439028243"	"28160000"
"10/31/2023 09:37:44.616"	"1600323584"	"2005803008"	"20486705152"	"19.56366320334989"	"28160000"
"10/31/2023 09:37:45.617"	"1600323584"	"2005868544"	"20407201792"	"34.531875167244387"	"28160000"
"10/31/2023 09:37:46.617"	"1600323584"	"2006007808"	"20371570688"	"25.294440911608852"	"28160000"
"10/31/2023 09:37:47.609"	"1600565248"	"2006011904"	"20377223168"	"21.729237047313443"	"28160000"
"10/31/2023 09:37:48.611"	"1978941440"	"2006011904"	"19992662016"	"32.037033895175746"	"28160000"
"10/31/2023 09:37:49.611"	"1979891712"	"2006011904"	"19971051520"	"34.550991581388821"	"28160000"
"10/31/2023 09:37:50.611"	"1979949056"	"1996533760"	"19975172096"	"38.133742194317534"	"28160000"
"10/31/2023 09:37:51.610"	"1980440576"	"1996644352"	"19975983104"	"37.968770986365953"	"28160000"
"10/31/2023 09:37:52.618"	"1980776448"	"1996644352"	"19969867776"	"35.552485963161317"	"28160000"
"10/31/2023 09:37:53.612"	"1981874176"	"1996644352"	"19969064960"	"33.056523663876369"	"28160000"
"10/31/2023 09:37:54.612"	"1982623744"	"1996644352"	"19958415360"	"34.873621905069626"	"28160000"
"10/31/2023 09:37:55.605"	"1983954944"	"1996644352"	"19962327040"	"34.675349520565547"	"28160000"
"10/31/2023 09:37:56.612"	"1990680576"	"1996644352"	"19973939200"	"31.239585433369555"	"28160000"
"10/31/2023 09:37:57.605"	"1645924352"	"1996496896"	"20290453504"	"24.57151878246988"	"28160000"
"10/31/2023 09:37:58.605"	"1646055424"	"1996496896"	"20296089600"	"27.240468302681176"	"28160000"
"10/31/2023 09:37:59.606"	"1646055424"	"1996496896"	"20297715712"	"20.493705337396595"	"28160000"
"10/31/2023 09:38:00.606"	"1646055424"	"1996496896"	"20302778368"	"23.975177100754475"	"28160000"
"10/31/2023 09:38:01.614"	"1646055424"	"1996496896"	"20298838016"	"21.340523470216144"	"28160000"
"10/31/2023 09:38:02.614"	"1646055424"	"1996496896"	"20307890176"	"18.892382364168903"	"28160000"
"10/31/2023 09:38:03.616"	"1646055424"	"1997103104"	"20305661952"	"21.254571788037289"	"28160000"
"10/31/2023 09:38:04.616"	"1646055424"	"1996898304"	"20314214400"	"23.561885415668669"	"28160000"
"10/31/2023 09:38:05.609"	"1646055424"	"1996898304"	"20243480576"	"21.708334264964869"	"28160000"
"10/31/2023 09:38:06.607"	"1646055424"	"1996865536"	"20135571456"	"24.343212318214601"	"28160000"
"10/31/2023 09:38:07.616"	"1646055424"	"1996865536"	"20042100736"	"24.332595488818441"	"28160000"
"10/31/2023 09:38:08.610"	"1646055424"	"1996865536"	"19974524928"	"30.360869530686941"	"28160000"
"10/31/2023 09:38:09.609"	"1646055424"	"1996865536"	"19857428480"	"24.921798545364847"	"28160000"
"10/31/2023 09:38:10.610"	"1646055424"	"1996865536"	"19791253504"	"22.553487044191534"	"28160000"
"10/31/2023 09:38:11.618"	"1646055424"	"1996865536"	"19751960576"	"21.461816108951336"	"28160000"
"10/31/2023 09:38:12.610"	"1646055424"	"1996865536"	"19712270336"	"22.855584243062268"	"28160000"
"10/31/2023 09:38:13.619"	"1646055424"	"1996865536"	"19597635584"	"20.865074054549936"	"28160000"
"10/31/2023 09:38:14.619"	"1646055424"	"1996865536"	"19558735872"	"23.061167541187601"	"28160000"
"10/31/2023 09:38:15.611"	"1646055424"	"1996865536"	"19558842368"	"22.071859078414946"	"28160000"
"10/31/2023 09:38:16.605"	"1646055424"	"1996865536"	"19539988480"	"22.662452759396857"	"28160000"
"10/31/2023 09:38:17.620"	"1646055424"	"1996865536"	"19427008512"	"21.355795230311859"	"28160000"
"10/31/2023 09:38:18.612"	"1646055424"	"1996865536"	"19425411072"	"31.121756415428703"	"28160000"
"10/31/2023 09:38:19.605"	"1646055424"	"1996865536"	"19431948288"	"23.239891939913949"	"28160000"
"10/31/2023 09:38:20.612"	"1646055424"	"1996865536"	"19430395904"	"23.654362239659033"	"28160000"
"10/31/2023 09:38:21.605"	"1646055424"	"1996865536"	"19322413056"	"22.203123460330243"	"28160000"
"10/31/2023 09:38:22.606"	"1646055424"	"1996865536"	"19326345216"	"23.609778095202969"	"28160000"
"10/31/2023 09:38:23.607"	"1646055424"	"1996865536"	"19345629184"	"24.193055035023214"	"28160000"
"10/31/2023 09:38:24.606"	"1646055424"	"1996865536"	"19247501312"	"21.43705939716898"	"28160000"
"10/31/2023 09:38:25.616"	"1646055424"	"1996865536"	"19264770048"	"22.337180406065883"	"28160000"
"10/31/2023 09:38:26.615"	"1646055424"	"1996865536"	"19282444288"	"26.51939627785659"	"28160000"
"10/31/2023 09:38:27.616"	"1646055424"	"1996865536"	"19308744704"	"22.737746225281576"	"28160000"
"10/31/2023 09:38:28.607"	"1646055424"	"1996836864"	"19193491456"	"29.0688813417338"	"28160000"
"10/31/2023 09:38:29.608"	"1646055424"	"1996836864"	"19223490560"	"23.776092861551902"	"28160000"
"10/31/2023 09:38:30.618"	"1646055424"	"1996836864"	"19241676800"	"24.178390853772356"	"28160000"
"10/31/2023 09:38:31.617"	"1646055424"	"1996836864"	"19302293504"	"28.67007225934849"	"28160000"
"10/31/2023 09:38:32.617"	"1646055424"	"1996836864"	"19297513472"	"25.666251251619045"	"28160000"
"10/31/2023 09:38:33.620"	"1646055424"	"1996836864"	"19424014336"	"19.485441555533722"	"28160000"
"10/31/2023 09:38:34.619"	"1646055424"	"1996836864"	"19541831680"	"18.461677586069957"	"28160000"
"10/31/2023 09:38:35.619"	"1646055424"	"1996836864"	"19634495488"	"20.285181731779478"	"28160000"
"10/31/2023 09:38:36.611"	"1646055424"	"1996836864"	"19639578624"	"21.411529114388827"	"28160000"
"10/31/2023 09:38:37.611"	"1646055424"	"1996836864"	"19725037568"	"20.571792119448094"	"28160000"
"10/31/2023 09:38:38.619"	"1646055424"	"1996836864"	"19808575488"	"30.758048774970625"	"28160000"
"10/31/2023 09:38:39.614"	"1646055424"	"1996836864"	"19830677504"	"27.343035055415477"	"28160000"
"10/31/2023 09:38:40.612"	"1646055424"	"1996869632"	"19870388224"	"18.351185259014024"	"28160000"
"10/31/2023 09:38:41.605"	"1646055424"	"2006204416"	"19910254592"	"27.447343933651368"	"28160000"
"10/31/2023 09:38:42.620"	"704667648"	"2006204416"	"20904517632"	"27.160549514955711"	"28160000"
"10/31/2023 09:38:43.615"	"578764800"	"2006204416"	"20872683520"	"31.987057234530567"	"28160000"
"10/31/2023 09:38:44.606"	"710094848"	"2006204416"	"20663181312"	"29.810945197294526"	"28160000"
"10/31/2023 09:38:45.607"	"1017942016"	"2006204416"	"20277460992"	"33.263379820697871"	"28160000"
"10/31/2023 09:38:46.614"	"1169211392"	"2005045248"	"20013334528"	"29.935308254514226"	"28160000"
"10/31/2023 09:38:47.618"	"1580052480"	"2005045248"	"19530375168"	"33.338924356248825"	"28160000"
"10/31/2023 09:38:48.608"	"1684058112"	"2005045248"	"19388141568"	"40.143784746810198"	"28160000"
"10/31/2023 09:38:49.610"	"2097111040"	"2005045248"	"18923192320"	"30.835590193809772"	"28160000"
"10/31/2023 09:38:50.613"	"2084659200"	"2005045248"	"18818887680"	"31.639290253866868"	"28160000"
"10/31/2023 09:38:51.614"	"2814275584"	"2005110784"	"18084491264"	"31.038221845954229"	"28160000"
"10/31/2023 09:38:52.608"	"2791727104"	"2005110784"	"18061144064"	"32.818695137314748"	"28160000"
"10/31/2023 09:38:53.607"	"2779275264"	"2005110784"	"17988005888"	"32.466826121295526"	"28160000"
"10/31/2023 09:38:54.616"	"3441717248"	"2005110784"	"17283141632"	"34.794307928791689"	"28160000"
"10/31/2023 09:38:55.614"	"3788271616"	"2005110784"	"16924680192"	"34.94337905743037"	"28160000"
"10/31/2023 09:38:56.608"	"3788271616"	"2005110784"	"16893456384"	"33.16696762183954"	"28160000"
"10/31/2023 09:38:57.617"	"3780014080"	"2005110784"	"16858304512"	"34.040461697714761"	"28160000"
"10/31/2023 09:38:58.617"	"4059521024"	"2005110784"	"16560132096"	"39.49446343313614"	"28160000"
"10/31/2023 09:38:59.617"	"4803440640"	"2005110784"	"15834259456"	"33.965335602787846"	"28160000"
"10/31/2023 09:39:00.619"	"5064896512"	"2005110784"	"15654043648"	"32.675902480158491"	"28160000"
"10/31/2023 09:39:01.613"	"5064896512"	"2005110784"	"15543218176"	"29.37361126765099"	"28160000"
"10/31/2023 09:39:02.620"	"5060833280"	"2005110784"	"15515922432"	"32.503871391740759"	"28160000"
"10/31/2023 09:39:03.606"	"5060833280"	"2005110784"	"15646601216"	"26.180075825542424"	"28160000"
"10/31/2023 09:39:04.607"	"5060833280"	"2005110784"	"15737839616"	"20.297054271554394"	"28160000"
"10/31/2023 09:39:05.615"	"5060788224"	"2005184512"	"15950213120"	"21.868498012495717"	"28160000"
"10/31/2023 09:39:06.611"	"5060788224"	"2005184512"	"16060764160"	"18.554116973538658"	"28160000"
"10/31/2023 09:39:07.613"	"5060788224"	"2005184512"	"16188739584"	"21.524869104723411"	"28160000"
"10/31/2023 09:39:08.608"	"5060788224"	"2005221376"	"16264658944"	"28.536246415817899"	"28160000"
"10/31/2023 09:39:09.611"	"5060788224"	"2005221376"	"16292519936"	"23.90606495930383"	"28160000"
"10/31/2023 09:39:10.620"	"5060788224"	"2005221376"	"16387731456"	"20.625448090669117"	"28160000"
"10/31/2023 09:39:11.609"	"5060788224"	"2005209088"	"16460918784"	"21.661567564228012"	"28160000"
"10/31/2023 09:39:12.616"	"5060788224"	"2005209088"	"16526831616"	"23.891717887513575"	"28160000"
"10/31/2023 09:39:13.606"	"5060788224"	"2005209088"	"16534740992"	"18.424980464939001"	"28160000"
"10/31/2023 09:39:14.616"	"5060788224"	"2005209088"	"16576045056"	"19.529382075781431"	"28160000"
"10/31/2023 09:39:15.610"	"5060788224"	"2005209088"	"16635957248"	"26.241244786967588"	"28160000"
"10/31/2023 09:39:16.609"	"5060788224"	"2005209088"	"16669155328"	"28.230528478743842"	"28160000"
"10/31/2023 09:39:17.612"	"5060788224"	"2005209088"	"16671068160"	"30.653655094057207"	"28160000"
"10/31/2023 09:39:18.613"	"5060788224"	"2005209088"	"16724013056"	"37.541254001731858"	"28160000"
"10/31/2023 09:39:19.618"	"5060788224"	"2005209088"	"16755605504"	"24.653049820832717"	"28160000"
"10/31/2023 09:39:20.605"	"5060788224"	"2005209088"	"16783474688"	"20.419844214067151"	"28160000"
"10/31/2023 09:39:21.608"	"5060788224"	"2005209088"	"16789790720"	"18.966020382863359"	"28160000"
"10/31/2023 09:39:22.611"	"5060739072"	"2005209088"	"16825069568"	"20.214634420457578"	"28160000"
"10/31/2023 09:39:23.612"	"5060739072"	"2005209088"	"16843157504"	"20.518598841825821"	"28160000"
"10/31/2023 09:39:24.620"	"5060739072"	"2005209088"	"16853819392"	"20.665636103502727"	"28160000"
"10/31/2023 09:39:25.616"	"5060739072"	"2005209088"	"16872476672"	"19.179356920029811"	"28160000"
"10/31/2023 09:39:26.605"	"5060739072"	"2005209088"	"16912867328"	"22.240671279829272"	"28160000"
"10/31/2023 09:39:27.613"	"5060739072"	"2005209088"	"16918212608"	"31.271956595590666"	"28160000"
"10/31/2023 09:39:28.606"	"5060739072"	"2005209088"	"16904622080"	"35.593539638821007"	"28160000"
"10/31/2023 09:39:29.607"	"5060739072"	"2005209088"	"16925667328"	"28.562878512152068"	"28160000"
"10/31/2023 09:39:30.606"	"5060739072"	"2005209088"	"16939601920"	"28.100309646332555"	"28160000"
